epoch;accuracy;loss;val_accuracy;val_loss
0;0.7210279703140259;1.0103729963302612;0.24186255037784576;5.246578216552734
1;0.8076484203338623;0.601186990737915;0.23782189190387726;5.733841419219971
2;0.8233592510223389;0.5318107604980469;0.2381105124950409;6.02517032623291
3;0.8322282433509827;0.49274370074272156;0.23891222476959229;6.2521071434021
4;0.8375073671340942;0.46721091866493225;0.23833498358726501;6.449705600738525
5;0.8397035002708435;0.4503646492958069;0.24314530193805695;6.695364475250244
6;0.8431243896484375;0.43684279918670654;0.23852740228176117;6.712000370025635
7;0.8446236848831177;0.42685797810554504;0.23211364448070526;6.762543201446533
8;0.8450882434844971;0.4186902940273285;0.2396818846464157;6.929133415222168
